title,genres,keywords,plot
Sholay [1],Sports|Romance,friendship justice ambition,"Set between Mumbai and Delhi, this Sports-Romance film explores friendship, justice, and the cost of ambition."
Dilwale Dulhania Le Jayenge [2],Action|Romance,investigation revenge college,A Action story where investigation and revenge shape the journey of a determined protagonist in modern India.
3 Idiots [3],Drama|Romance,dream ambition delhi,"A gripping Drama narrative driven by dream, ambition, and an unforgettable finale."
Lagaan [4],Drama|Adventure,dream investigation college,"Set between Mumbai and Delhi, this Drama-Adventure film explores dream, investigation, and the cost of college."
Dangal [5],Musical|Biography,justice friendship city,"When a family faces crisis, a hero chooses justice over fear in this heartfelt Musical entertainer."
PK [6],Family|Comedy,village dream dance,A Family story where village and dream shape the journey of a determined protagonist in modern India.
Bajrangi Bhaijaan [7],Romance|Crime,family sacrifice heist,"A gripping Romance narrative driven by family, sacrifice, and an unforgettable finale."
Zindagi Na Milegi Dobara [8],Comedy|Drama,wedding investigation family,"When a family faces crisis, a hero chooses wedding over fear in this heartfelt Comedy entertainer."
Kabhi Khushi Kabhie Gham [9],Romance|Adventure,music sacrifice dream,A Romance story where music and sacrifice shape the journey of a determined protagonist in modern India.
Kal Ho Naa Ho [10],Drama|Sports,ambition music revenge,"Set between Mumbai and Delhi, this Drama-Sports film explores ambition, music, and the cost of revenge."
Kuch Kuch Hota Hai [11],Romance|Crime,justice wedding sacrifice,"Set between Mumbai and Delhi, this Romance-Crime film explores justice, wedding, and the cost of sacrifice."
Swades [12],Family|Mystery,dream justice revenge,"A gripping Family narrative driven by dream, justice, and an unforgettable finale."
Taare Zameen Par [13],Sports|Action,investigation ambition city,"When a family faces crisis, a hero chooses investigation over fear in this heartfelt Sports entertainer."
Andhadhun [14],Crime|Comedy,investigation ambition dance,A Crime story where investigation and ambition shape the journey of a determined protagonist in modern India.
Barfi! [15],Thriller|Drama,dance patriotism justice,A Thriller story where dance and patriotism shape the journey of a determined protagonist in modern India.
Queen [16],Thriller|Biography,dance dream mumbai,"When a family faces crisis, a hero chooses dance over fear in this heartfelt Thriller entertainer."
Kahaani [17],Sports|Musical,village justice redemption,"Set between Mumbai and Delhi, this Sports-Musical film explores village, justice, and the cost of redemption."
Gully Boy [18],Mystery|Adventure,investigation justice college,"A gripping Mystery narrative driven by investigation, justice, and an unforgettable finale."
Rockstar [19],Crime|Family,ambition village delhi,"When a family faces crisis, a hero chooses ambition over fear in this heartfelt Crime entertainer."
Tamasha [20],Romance|Drama,family village city,"When a family faces crisis, a hero chooses family over fear in this heartfelt Romance entertainer."
Jab We Met [21],Biography|Romance,patriotism redemption wedding,"A gripping Biography narrative driven by patriotism, redemption, and an unforgettable finale."
Chak De! India [22],Comedy|Adventure,friendship family investigation,"A popular Bollywood tale of friendship, family, and investigation, blending emotion, music, and dramatic twists."
Bhaag Milkha Bhaag [23],Sports|Family,family music college,"Set between Mumbai and Delhi, this Sports-Family film explores family, music, and the cost of college."
Rang De Basanti [24],Musical|Drama,justice delhi city,"A gripping Musical narrative driven by justice, delhi, and an unforgettable finale."
Munna Bhai M.B.B.S. [25],Romance|Sports,music delhi dream,"Set between Mumbai and Delhi, this Romance-Sports film explores music, delhi, and the cost of dream."
Lage Raho Munna Bhai [26],Family|Action,investigation delhi friendship,"A gripping Family narrative driven by investigation, delhi, and an unforgettable finale."
Om Shanti Om [27],Family|Musical,friendship family sacrifice,"A popular Bollywood tale of friendship, family, and sacrifice, blending emotion, music, and dramatic twists."
Don [28],Thriller|Drama,ambition heist revenge,A Thriller story where ambition and heist shape the journey of a determined protagonist in modern India.
Don 2 [29],Mystery|Musical,revenge investigation village,"Set between Mumbai and Delhi, this Mystery-Musical film explores revenge, investigation, and the cost of village."
War [30],Sports|Musical,investigation city justice,"A gripping Sports narrative driven by investigation, city, and an unforgettable finale."
Pathaan [31],Biography|Crime,dream investigation redemption,"A popular Bollywood tale of dream, investigation, and redemption, blending emotion, music, and dramatic twists."
Jawan [32],Crime|Sports,sacrifice wedding delhi,"When a family faces crisis, a hero chooses sacrifice over fear in this heartfelt Crime entertainer."
Tiger Zinda Hai [33],Romance|Thriller,ambition revenge dance,A Romance story where ambition and revenge shape the journey of a determined protagonist in modern India.
Ek Tha Tiger [34],Biography|Adventure,ambition heist redemption,A Biography story where ambition and heist shape the journey of a determined protagonist in modern India.
Sultan [35],Romance|Sports,love ambition revenge,A Romance story where love and ambition shape the journey of a determined protagonist in modern India.
Raees [36],Family|Romance,delhi ambition justice,"When a family faces crisis, a hero chooses delhi over fear in this heartfelt Family entertainer."
My Name Is Khan [37],Thriller|Adventure,village heist mumbai,"Set between Mumbai and Delhi, this Thriller-Adventure film explores village, heist, and the cost of mumbai."
Chennai Express [38],Musical|Crime,dream family heist,"When a family faces crisis, a hero chooses dream over fear in this heartfelt Musical entertainer."
Dil Se.. [39],Family|Crime,college wedding love,A Family story where college and wedding shape the journey of a determined protagonist in modern India.
Devdas [40],Drama|Crime,dance family ambition,"Set between Mumbai and Delhi, this Drama-Crime film explores dance, family, and the cost of ambition."
Hum Aapke Hain Koun..! [41],Thriller|Adventure,wedding village college,"Set between Mumbai and Delhi, this Thriller-Adventure film explores wedding, village, and the cost of college."
Maine Pyar Kiya [42],Comedy|Musical,ambition revenge wedding,"A gripping Comedy narrative driven by ambition, revenge, and an unforgettable finale."
Hum Dil De Chuke Sanam [43],Romance|Drama,investigation friendship revenge,"Set between Mumbai and Delhi, this Romance-Drama film explores investigation, friendship, and the cost of revenge."
Goliyon Ki Raasleela Ram-Leela [44],Action|Crime,mumbai redemption dream,"When a family faces crisis, a hero chooses mumbai over fear in this heartfelt Action entertainer."
Padmaavat [45],Drama|Action,patriotism friendship redemption,"A popular Bollywood tale of patriotism, friendship, and redemption, blending emotion, music, and dramatic twists."
Bajirao Mastani [46],Musical|Comedy,college investigation mumbai,"Set between Mumbai and Delhi, this Musical-Comedy film explores college, investigation, and the cost of mumbai."
Gangubai Kathiawadi [47],Thriller|Comedy,dream love investigation,A Thriller story where dream and love shape the journey of a determined protagonist in modern India.
Black [48],Mystery|Family,love redemption mumbai,"A gripping Mystery narrative driven by love, redemption, and an unforgettable finale."
Guzaarish [49],Adventure|Action,love delhi revenge,"Set between Mumbai and Delhi, this Adventure-Action film explores love, delhi, and the cost of revenge."
Piku [50],Romance|Biography,revenge ambition patriotism,A Romance story where revenge and ambition shape the journey of a determined protagonist in modern India.
Sholay [51],Biography|Thriller,heist love revenge,"When a family faces crisis, a hero chooses heist over fear in this heartfelt Biography entertainer."
Dilwale Dulhania Le Jayenge [52],Sports|Biography,heist delhi dance,"A popular Bollywood tale of heist, delhi, and dance, blending emotion, music, and dramatic twists."
3 Idiots [53],Thriller|Sports,dance ambition justice,"When a family faces crisis, a hero chooses dance over fear in this heartfelt Thriller entertainer."
Lagaan [54],Action|Sports,music wedding dance,A Action story where music and wedding shape the journey of a determined protagonist in modern India.
Dangal [55],Drama|Musical,redemption heist family,A Drama story where redemption and heist shape the journey of a determined protagonist in modern India.
PK [56],Adventure|Thriller,delhi justice village,"A popular Bollywood tale of delhi, justice, and village, blending emotion, music, and dramatic twists."
Bajrangi Bhaijaan [57],Romance|Thriller,sacrifice music city,"When a family faces crisis, a hero chooses sacrifice over fear in this heartfelt Romance entertainer."
Zindagi Na Milegi Dobara [58],Adventure|Comedy,redemption delhi friendship,"A gripping Adventure narrative driven by redemption, delhi, and an unforgettable finale."
Kabhi Khushi Kabhie Gham [59],Comedy|Sports,family village justice,A Comedy story where family and village shape the journey of a determined protagonist in modern India.
Kal Ho Naa Ho [60],Romance|Adventure,village justice music,"A gripping Romance narrative driven by village, justice, and an unforgettable finale."
Kuch Kuch Hota Hai [61],Thriller|Family,dream justice delhi,"When a family faces crisis, a hero chooses dream over fear in this heartfelt Thriller entertainer."
Swades [62],Comedy|Drama,revenge college justice,A Comedy story where revenge and college shape the journey of a determined protagonist in modern India.
Taare Zameen Par [63],Drama|Family,village justice city,"When a family faces crisis, a hero chooses village over fear in this heartfelt Drama entertainer."
Andhadhun [64],Adventure|Crime,investigation friendship family,A Adventure story where investigation and friendship shape the journey of a determined protagonist in modern India.
Barfi! [65],Mystery|Action,investigation love sacrifice,"A gripping Mystery narrative driven by investigation, love, and an unforgettable finale."
Queen [66],Adventure|Action,college village love,"A popular Bollywood tale of college, village, and love, blending emotion, music, and dramatic twists."
Kahaani [67],Family|Drama,sacrifice dream ambition,A Family story where sacrifice and dream shape the journey of a determined protagonist in modern India.
Gully Boy [68],Family|Adventure,college village ambition,"Set between Mumbai and Delhi, this Family-Adventure film explores college, village, and the cost of ambition."
Rockstar [69],Action|Crime,friendship city dance,"When a family faces crisis, a hero chooses friendship over fear in this heartfelt Action entertainer."
Tamasha [70],Sports|Thriller,justice city family,"When a family faces crisis, a hero chooses justice over fear in this heartfelt Sports entertainer."
Jab We Met [71],Drama|Musical,ambition dream wedding,"A popular Bollywood tale of ambition, dream, and wedding, blending emotion, music, and dramatic twists."
Chak De! India [72],Comedy|Thriller,ambition friendship dream,"When a family faces crisis, a hero chooses ambition over fear in this heartfelt Comedy entertainer."
Bhaag Milkha Bhaag [73],Family|Comedy,revenge justice sacrifice,"A gripping Family narrative driven by revenge, justice, and an unforgettable finale."
Rang De Basanti [74],Crime|Sports,investigation dance friendship,A Crime story where investigation and dance shape the journey of a determined protagonist in modern India.
Munna Bhai M.B.B.S. [75],Comedy|Action,heist justice love,A Comedy story where heist and justice shape the journey of a determined protagonist in modern India.
Lage Raho Munna Bhai [76],Biography|Crime,sacrifice dance college,"A gripping Biography narrative driven by sacrifice, dance, and an unforgettable finale."
Om Shanti Om [77],Adventure|Romance,patriotism heist dream,"A popular Bollywood tale of patriotism, heist, and dream, blending emotion, music, and dramatic twists."
Don [78],Drama|Crime,friendship delhi investigation,"Set between Mumbai and Delhi, this Drama-Crime film explores friendship, delhi, and the cost of investigation."
Don 2 [79],Family|Crime,revenge dance heist,A Family story where revenge and dance shape the journey of a determined protagonist in modern India.
War [80],Mystery|Comedy,delhi music college,"A popular Bollywood tale of delhi, music, and college, blending emotion, music, and dramatic twists."
Pathaan [81],Crime|Comedy,investigation village dream,"When a family faces crisis, a hero chooses investigation over fear in this heartfelt Crime entertainer."
Jawan [82],Sports|Crime,city heist music,"When a family faces crisis, a hero chooses city over fear in this heartfelt Sports entertainer."
Tiger Zinda Hai [83],Adventure|Drama,music redemption dream,"When a family faces crisis, a hero chooses music over fear in this heartfelt Adventure entertainer."
Ek Tha Tiger [84],Biography|Mystery,dance wedding heist,"When a family faces crisis, a hero chooses dance over fear in this heartfelt Biography entertainer."
Sultan [85],Sports|Thriller,delhi mumbai city,A Sports story where delhi and mumbai shape the journey of a determined protagonist in modern India.
Raees [86],Comedy|Adventure,redemption dance revenge,"Set between Mumbai and Delhi, this Comedy-Adventure film explores redemption, dance, and the cost of revenge."
My Name Is Khan [87],Sports|Comedy,ambition dream village,A Sports story where ambition and dream shape the journey of a determined protagonist in modern India.
Chennai Express [88],Drama|Thriller,mumbai revenge wedding,"When a family faces crisis, a hero chooses mumbai over fear in this heartfelt Drama entertainer."
Dil Se.. [89],Sports|Biography,dream patriotism mumbai,"When a family faces crisis, a hero chooses dream over fear in this heartfelt Sports entertainer."
Devdas [90],Thriller|Action,friendship family college,"Set between Mumbai and Delhi, this Thriller-Action film explores friendship, family, and the cost of college."
Hum Aapke Hain Koun..! [91],Action|Adventure,wedding love investigation,"Set between Mumbai and Delhi, this Action-Adventure film explores wedding, love, and the cost of investigation."
Maine Pyar Kiya [92],Romance|Musical,village wedding delhi,"A gripping Romance narrative driven by village, wedding, and an unforgettable finale."
Hum Dil De Chuke Sanam [93],Biography|Family,wedding delhi college,"A gripping Biography narrative driven by wedding, delhi, and an unforgettable finale."
Goliyon Ki Raasleela Ram-Leela [94],Musical|Action,mumbai wedding justice,"Set between Mumbai and Delhi, this Musical-Action film explores mumbai, wedding, and the cost of justice."
Padmaavat [95],Sports|Comedy,delhi mumbai ambition,"A popular Bollywood tale of delhi, mumbai, and ambition, blending emotion, music, and dramatic twists."
Bajirao Mastani [96],Musical|Romance,music ambition justice,"A popular Bollywood tale of music, ambition, and justice, blending emotion, music, and dramatic twists."
Gangubai Kathiawadi [97],Family|Adventure,revenge village heist,"Set between Mumbai and Delhi, this Family-Adventure film explores revenge, village, and the cost of heist."
Black [98],Crime|Action,dream revenge college,"When a family faces crisis, a hero chooses dream over fear in this heartfelt Crime entertainer."
Guzaarish [99],Family|Adventure,wedding college love,"Set between Mumbai and Delhi, this Family-Adventure film explores wedding, college, and the cost of love."
Piku [100],Crime|Mystery,heist friendship patriotism,"When a family faces crisis, a hero chooses heist over fear in this heartfelt Crime entertainer."
Sholay [101],Drama|Family,music patriotism college,"A gripping Drama narrative driven by music, patriotism, and an unforgettable finale."
Dilwale Dulhania Le Jayenge [102],Mystery|Adventure,redemption ambition mumbai,"Set between Mumbai and Delhi, this Mystery-Adventure film explores redemption, ambition, and the cost of mumbai."
3 Idiots [103],Comedy|Crime,mumbai friendship patriotism,"A popular Bollywood tale of mumbai, friendship, and patriotism, blending emotion, music, and dramatic twists."
Lagaan [104],Sports|Mystery,patriotism city wedding,"Set between Mumbai and Delhi, this Sports-Mystery film explores patriotism, city, and the cost of wedding."
Dangal [105],Biography|Adventure,friendship patriotism redemption,A Biography story where friendship and patriotism shape the journey of a determined protagonist in modern India.
PK [106],Sports|Crime,village wedding city,A Sports story where village and wedding shape the journey of a determined protagonist in modern India.
Bajrangi Bhaijaan [107],Comedy|Crime,dance dream wedding,"A popular Bollywood tale of dance, dream, and wedding, blending emotion, music, and dramatic twists."
Zindagi Na Milegi Dobara [108],Family|Crime,justice college redemption,A Family story where justice and college shape the journey of a determined protagonist in modern India.
Kabhi Khushi Kabhie Gham [109],Musical|Drama,investigation love sacrifice,"Set between Mumbai and Delhi, this Musical-Drama film explores investigation, love, and the cost of sacrifice."
Kal Ho Naa Ho [110],Sports|Romance,love friendship ambition,"Set between Mumbai and Delhi, this Sports-Romance film explores love, friendship, and the cost of ambition."
Kuch Kuch Hota Hai [111],Drama|Biography,village ambition redemption,"When a family faces crisis, a hero chooses village over fear in this heartfelt Drama entertainer."
Swades [112],Sports|Romance,heist dream wedding,"A popular Bollywood tale of heist, dream, and wedding, blending emotion, music, and dramatic twists."
Taare Zameen Par [113],Family|Action,redemption family city,"A popular Bollywood tale of redemption, family, and city, blending emotion, music, and dramatic twists."
Andhadhun [114],Romance|Biography,friendship music patriotism,"When a family faces crisis, a hero chooses friendship over fear in this heartfelt Romance entertainer."
Barfi! [115],Mystery|Thriller,revenge heist ambition,A Mystery story where revenge and heist shape the journey of a determined protagonist in modern India.
Queen [116],Mystery|Comedy,redemption family love,"A popular Bollywood tale of redemption, family, and love, blending emotion, music, and dramatic twists."
Kahaani [117],Adventure|Crime,sacrifice revenge delhi,"A popular Bollywood tale of sacrifice, revenge, and delhi, blending emotion, music, and dramatic twists."
Gully Boy [118],Drama|Crime,mumbai family college,"A popular Bollywood tale of mumbai, family, and college, blending emotion, music, and dramatic twists."
Rockstar [119],Sports|Musical,village college city,"A gripping Sports narrative driven by village, college, and an unforgettable finale."
Tamasha [120],Sports|Comedy,redemption investigation mumbai,"When a family faces crisis, a hero chooses redemption over fear in this heartfelt Sports entertainer."
Jab We Met [121],Crime|Biography,justice dance ambition,A Crime story where justice and dance shape the journey of a determined protagonist in modern India.
Chak De! India [122],Comedy|Musical,ambition wedding patriotism,"A popular Bollywood tale of ambition, wedding, and patriotism, blending emotion, music, and dramatic twists."
Bhaag Milkha Bhaag [123],Drama|Musical,dance city mumbai,"Set between Mumbai and Delhi, this Drama-Musical film explores dance, city, and the cost of mumbai."
Rang De Basanti [124],Family|Comedy,dance justice heist,"A gripping Family narrative driven by dance, justice, and an unforgettable finale."
Munna Bhai M.B.B.S. [125],Drama|Adventure,dream revenge ambition,"When a family faces crisis, a hero chooses dream over fear in this heartfelt Drama entertainer."
Lage Raho Munna Bhai [126],Musical|Adventure,ambition mumbai heist,"When a family faces crisis, a hero chooses ambition over fear in this heartfelt Musical entertainer."
Om Shanti Om [127],Drama|Romance,music ambition patriotism,"Set between Mumbai and Delhi, this Drama-Romance film explores music, ambition, and the cost of patriotism."
Don [128],Comedy|Sports,heist sacrifice mumbai,"A gripping Comedy narrative driven by heist, sacrifice, and an unforgettable finale."
Don 2 [129],Adventure|Family,college investigation dance,"A popular Bollywood tale of college, investigation, and dance, blending emotion, music, and dramatic twists."
War [130],Mystery|Musical,justice music redemption,"Set between Mumbai and Delhi, this Mystery-Musical film explores justice, music, and the cost of redemption."
Pathaan [131],Romance|Thriller,dance family investigation,"Set between Mumbai and Delhi, this Romance-Thriller film explores dance, family, and the cost of investigation."
Jawan [132],Thriller|Mystery,mumbai justice delhi,"A gripping Thriller narrative driven by mumbai, justice, and an unforgettable finale."
Tiger Zinda Hai [133],Comedy|Romance,dream music ambition,"A popular Bollywood tale of dream, music, and ambition, blending emotion, music, and dramatic twists."
Ek Tha Tiger [134],Action|Comedy,friendship investigation village,"A popular Bollywood tale of friendship, investigation, and village, blending emotion, music, and dramatic twists."
Sultan [135],Drama|Mystery,investigation music village,"When a family faces crisis, a hero chooses investigation over fear in this heartfelt Drama entertainer."
Raees [136],Romance|Drama,heist music mumbai,"When a family faces crisis, a hero chooses heist over fear in this heartfelt Romance entertainer."
My Name Is Khan [137],Musical|Family,city love justice,"When a family faces crisis, a hero chooses city over fear in this heartfelt Musical entertainer."
Chennai Express [138],Romance|Mystery,patriotism mumbai revenge,"A gripping Romance narrative driven by patriotism, mumbai, and an unforgettable finale."
Dil Se.. [139],Sports|Mystery,love village heist,"A gripping Sports narrative driven by love, village, and an unforgettable finale."
Devdas [140],Comedy|Romance,ambition family investigation,"When a family faces crisis, a hero chooses ambition over fear in this heartfelt Comedy entertainer."
Hum Aapke Hain Koun..! [141],Biography|Mystery,redemption ambition delhi,"When a family faces crisis, a hero chooses redemption over fear in this heartfelt Biography entertainer."
Maine Pyar Kiya [142],Musical|Mystery,music heist college,"A popular Bollywood tale of music, heist, and college, blending emotion, music, and dramatic twists."
Hum Dil De Chuke Sanam [143],Biography|Mystery,love family dream,"Set between Mumbai and Delhi, this Biography-Mystery film explores love, family, and the cost of dream."
Goliyon Ki Raasleela Ram-Leela [144],Comedy|Sports,revenge city ambition,"Set between Mumbai and Delhi, this Comedy-Sports film explores revenge, city, and the cost of ambition."
Padmaavat [145],Adventure|Romance,city friendship college,"When a family faces crisis, a hero chooses city over fear in this heartfelt Adventure entertainer."
Bajirao Mastani [146],Mystery|Biography,mumbai music love,"Set between Mumbai and Delhi, this Mystery-Biography film explores mumbai, music, and the cost of love."
Gangubai Kathiawadi [147],Comedy|Mystery,wedding revenge ambition,"A popular Bollywood tale of wedding, revenge, and ambition, blending emotion, music, and dramatic twists."
Black [148],Sports|Biography,dream college family,"A gripping Sports narrative driven by dream, college, and an unforgettable finale."
Guzaarish [149],Thriller|Sports,village justice redemption,A Thriller story where village and justice shape the journey of a determined protagonist in modern India.
Piku [150],Drama|Action,music heist redemption,"When a family faces crisis, a hero chooses music over fear in this heartfelt Drama entertainer."
Sholay [151],Romance|Musical,music patriotism justice,"A gripping Romance narrative driven by music, patriotism, and an unforgettable finale."
Dilwale Dulhania Le Jayenge [152],Adventure|Musical,wedding revenge love,"When a family faces crisis, a hero chooses wedding over fear in this heartfelt Adventure entertainer."
3 Idiots [153],Mystery|Family,redemption justice friendship,A Mystery story where redemption and justice shape the journey of a determined protagonist in modern India.
Lagaan [154],Thriller|Sports,heist redemption friendship,"A popular Bollywood tale of heist, redemption, and friendship, blending emotion, music, and dramatic twists."
Dangal [155],Biography|Drama,city mumbai delhi,"When a family faces crisis, a hero chooses city over fear in this heartfelt Biography entertainer."
PK [156],Comedy|Action,heist college mumbai,A Comedy story where heist and college shape the journey of a determined protagonist in modern India.
Bajrangi Bhaijaan [157],Musical|Family,college dance heist,A Musical story where college and dance shape the journey of a determined protagonist in modern India.
Zindagi Na Milegi Dobara [158],Action|Family,college mumbai music,"When a family faces crisis, a hero chooses college over fear in this heartfelt Action entertainer."
Kabhi Khushi Kabhie Gham [159],Adventure|Drama,wedding revenge dance,"A popular Bollywood tale of wedding, revenge, and dance, blending emotion, music, and dramatic twists."
Kal Ho Naa Ho [160],Family|Romance,patriotism delhi friendship,"A gripping Family narrative driven by patriotism, delhi, and an unforgettable finale."
Kuch Kuch Hota Hai [161],Musical|Crime,love dream delhi,"A popular Bollywood tale of love, dream, and delhi, blending emotion, music, and dramatic twists."
Swades [162],Biography|Musical,wedding love dream,"A popular Bollywood tale of wedding, love, and dream, blending emotion, music, and dramatic twists."
Taare Zameen Par [163],Adventure|Action,music wedding mumbai,A Adventure story where music and wedding shape the journey of a determined protagonist in modern India.
Andhadhun [164],Drama|Sports,redemption ambition city,"A popular Bollywood tale of redemption, ambition, and city, blending emotion, music, and dramatic twists."
Barfi! [165],Adventure|Drama,investigation college revenge,"Set between Mumbai and Delhi, this Adventure-Drama film explores investigation, college, and the cost of revenge."
Queen [166],Romance|Musical,family village mumbai,"A popular Bollywood tale of family, village, and mumbai, blending emotion, music, and dramatic twists."
Kahaani [167],Adventure|Comedy,college mumbai heist,"Set between Mumbai and Delhi, this Adventure-Comedy film explores college, mumbai, and the cost of heist."
Gully Boy [168],Musical|Adventure,village patriotism dream,"A gripping Musical narrative driven by village, patriotism, and an unforgettable finale."
Rockstar [169],Adventure|Action,revenge justice college,"A popular Bollywood tale of revenge, justice, and college, blending emotion, music, and dramatic twists."
Tamasha [170],Adventure|Comedy,friendship music heist,"A gripping Adventure narrative driven by friendship, music, and an unforgettable finale."
Jab We Met [171],Biography|Sports,mumbai village wedding,"A gripping Biography narrative driven by mumbai, village, and an unforgettable finale."
Chak De! India [172],Musical|Family,dance investigation heist,"When a family faces crisis, a hero chooses dance over fear in this heartfelt Musical entertainer."
Bhaag Milkha Bhaag [173],Musical|Family,dream ambition patriotism,"Set between Mumbai and Delhi, this Musical-Family film explores dream, ambition, and the cost of patriotism."
Rang De Basanti [174],Crime|Drama,dance mumbai patriotism,"When a family faces crisis, a hero chooses dance over fear in this heartfelt Crime entertainer."
Munna Bhai M.B.B.S. [175],Sports|Mystery,village mumbai love,"Set between Mumbai and Delhi, this Sports-Mystery film explores village, mumbai, and the cost of love."
Lage Raho Munna Bhai [176],Adventure|Biography,dance family wedding,A Adventure story where dance and family shape the journey of a determined protagonist in modern India.
Om Shanti Om [177],Adventure|Musical,friendship village college,"Set between Mumbai and Delhi, this Adventure-Musical film explores friendship, village, and the cost of college."
Don [178],Romance|Musical,justice dance patriotism,A Romance story where justice and dance shape the journey of a determined protagonist in modern India.
Don 2 [179],Family|Sports,investigation patriotism dance,"When a family faces crisis, a hero chooses investigation over fear in this heartfelt Family entertainer."
War [180],Adventure|Drama,redemption revenge ambition,"A popular Bollywood tale of redemption, revenge, and ambition, blending emotion, music, and dramatic twists."
Pathaan [181],Thriller|Romance,college family heist,"When a family faces crisis, a hero chooses college over fear in this heartfelt Thriller entertainer."
Jawan [182],Action|Comedy,friendship love dance,A Action story where friendship and love shape the journey of a determined protagonist in modern India.
Tiger Zinda Hai [183],Comedy|Family,sacrifice college village,"Set between Mumbai and Delhi, this Comedy-Family film explores sacrifice, college, and the cost of village."
Ek Tha Tiger [184],Adventure|Crime,heist city redemption,"Set between Mumbai and Delhi, this Adventure-Crime film explores heist, city, and the cost of redemption."
Sultan [185],Romance|Biography,patriotism ambition mumbai,"A gripping Romance narrative driven by patriotism, ambition, and an unforgettable finale."
Raees [186],Action|Thriller,wedding justice redemption,"A popular Bollywood tale of wedding, justice, and redemption, blending emotion, music, and dramatic twists."
My Name Is Khan [187],Sports|Drama,wedding music investigation,"Set between Mumbai and Delhi, this Sports-Drama film explores wedding, music, and the cost of investigation."
Chennai Express [188],Romance|Musical,sacrifice heist music,"When a family faces crisis, a hero chooses sacrifice over fear in this heartfelt Romance entertainer."
Dil Se.. [189],Mystery|Comedy,wedding music dream,"When a family faces crisis, a hero chooses wedding over fear in this heartfelt Mystery entertainer."
Devdas [190],Musical|Romance,ambition patriotism sacrifice,"A gripping Musical narrative driven by ambition, patriotism, and an unforgettable finale."
Hum Aapke Hain Koun..! [191],Comedy|Mystery,friendship patriotism justice,A Comedy story where friendship and patriotism shape the journey of a determined protagonist in modern India.
Maine Pyar Kiya [192],Biography|Sports,love mumbai music,"Set between Mumbai and Delhi, this Biography-Sports film explores love, mumbai, and the cost of music."
Hum Dil De Chuke Sanam [193],Biography|Family,ambition dream justice,"Set between Mumbai and Delhi, this Biography-Family film explores ambition, dream, and the cost of justice."
Goliyon Ki Raasleela Ram-Leela [194],Sports|Romance,love music wedding,A Sports story where love and music shape the journey of a determined protagonist in modern India.
Padmaavat [195],Biography|Family,village revenge music,"A popular Bollywood tale of village, revenge, and music, blending emotion, music, and dramatic twists."
Bajirao Mastani [196],Mystery|Crime,city dream village,"A gripping Mystery narrative driven by city, dream, and an unforgettable finale."
Gangubai Kathiawadi [197],Family|Adventure,delhi justice city,"A popular Bollywood tale of delhi, justice, and city, blending emotion, music, and dramatic twists."
Black [198],Musical|Comedy,dance family wedding,A Musical story where dance and family shape the journey of a determined protagonist in modern India.
Guzaarish [199],Action|Thriller,patriotism investigation sacrifice,A Action story where patriotism and investigation shape the journey of a determined protagonist in modern India.
Piku [200],Crime|Drama,justice investigation family,"When a family faces crisis, a hero chooses justice over fear in this heartfelt Crime entertainer."
Sholay [201],Family|Sports,justice heist patriotism,"A popular Bollywood tale of justice, heist, and patriotism, blending emotion, music, and dramatic twists."
Dilwale Dulhania Le Jayenge [202],Romance|Sports,ambition mumbai friendship,"A gripping Romance narrative driven by ambition, mumbai, and an unforgettable finale."
3 Idiots [203],Adventure|Family,redemption ambition revenge,"When a family faces crisis, a hero chooses redemption over fear in this heartfelt Adventure entertainer."
Lagaan [204],Mystery|Comedy,college family village,A Mystery story where college and family shape the journey of a determined protagonist in modern India.
Dangal [205],Drama|Comedy,mumbai family heist,"Set between Mumbai and Delhi, this Drama-Comedy film explores mumbai, family, and the cost of heist."
PK [206],Adventure|Action,patriotism wedding sacrifice,"A gripping Adventure narrative driven by patriotism, wedding, and an unforgettable finale."
Bajrangi Bhaijaan [207],Crime|Biography,village college family,"When a family faces crisis, a hero chooses village over fear in this heartfelt Crime entertainer."
Zindagi Na Milegi Dobara [208],Biography|Crime,justice love sacrifice,"Set between Mumbai and Delhi, this Biography-Crime film explores justice, love, and the cost of sacrifice."
Kabhi Khushi Kabhie Gham [209],Musical|Mystery,ambition sacrifice family,"A popular Bollywood tale of ambition, sacrifice, and family, blending emotion, music, and dramatic twists."
Kal Ho Naa Ho [210],Adventure|Sports,sacrifice love patriotism,"A popular Bollywood tale of sacrifice, love, and patriotism, blending emotion, music, and dramatic twists."
Kuch Kuch Hota Hai [211],Thriller|Romance,wedding revenge dream,"A gripping Thriller narrative driven by wedding, revenge, and an unforgettable finale."
Swades [212],Drama|Mystery,dance ambition village,"A gripping Drama narrative driven by dance, ambition, and an unforgettable finale."
Taare Zameen Par [213],Thriller|Romance,investigation dream heist,"Set between Mumbai and Delhi, this Thriller-Romance film explores investigation, dream, and the cost of heist."
Andhadhun [214],Family|Action,redemption friendship justice,"Set between Mumbai and Delhi, this Family-Action film explores redemption, friendship, and the cost of justice."
Barfi! [215],Action|Adventure,justice city family,A Action story where justice and city shape the journey of a determined protagonist in modern India.
Queen [216],Action|Drama,sacrifice ambition dance,A Action story where sacrifice and ambition shape the journey of a determined protagonist in modern India.
Kahaani [217],Action|Comedy,love village college,"A gripping Action narrative driven by love, village, and an unforgettable finale."
Gully Boy [218],Romance|Mystery,mumbai wedding sacrifice,"A gripping Romance narrative driven by mumbai, wedding, and an unforgettable finale."
Rockstar [219],Biography|Romance,wedding delhi ambition,"A gripping Biography narrative driven by wedding, delhi, and an unforgettable finale."
Tamasha [220],Drama|Sports,delhi music wedding,A Drama story where delhi and music shape the journey of a determined protagonist in modern India.
Jab We Met [221],Drama|Musical,patriotism college family,"When a family faces crisis, a hero chooses patriotism over fear in this heartfelt Drama entertainer."
Chak De! India [222],Mystery|Musical,revenge redemption dance,"A gripping Mystery narrative driven by revenge, redemption, and an unforgettable finale."
Bhaag Milkha Bhaag [223],Action|Romance,village justice investigation,"A popular Bollywood tale of village, justice, and investigation, blending emotion, music, and dramatic twists."
Rang De Basanti [224],Crime|Biography,delhi music wedding,"A gripping Crime narrative driven by delhi, music, and an unforgettable finale."
Munna Bhai M.B.B.S. [225],Biography|Crime,family redemption investigation,"Set between Mumbai and Delhi, this Biography-Crime film explores family, redemption, and the cost of investigation."
Lage Raho Munna Bhai [226],Crime|Musical,ambition college dance,"When a family faces crisis, a hero chooses ambition over fear in this heartfelt Crime entertainer."
Om Shanti Om [227],Crime|Mystery,family dance college,"A popular Bollywood tale of family, dance, and college, blending emotion, music, and dramatic twists."
Don [228],Sports|Comedy,sacrifice village mumbai,A Sports story where sacrifice and village shape the journey of a determined protagonist in modern India.
Don 2 [229],Romance|Mystery,revenge college family,"A popular Bollywood tale of revenge, college, and family, blending emotion, music, and dramatic twists."
War [230],Action|Adventure,love heist investigation,"A gripping Action narrative driven by love, heist, and an unforgettable finale."
Pathaan [231],Family|Sports,family college sacrifice,"When a family faces crisis, a hero chooses family over fear in this heartfelt Family entertainer."
Jawan [232],Mystery|Drama,music redemption sacrifice,A Mystery story where music and redemption shape the journey of a determined protagonist in modern India.
Tiger Zinda Hai [233],Biography|Adventure,dream village mumbai,"Set between Mumbai and Delhi, this Biography-Adventure film explores dream, village, and the cost of mumbai."
Ek Tha Tiger [234],Romance|Family,investigation sacrifice family,"A popular Bollywood tale of investigation, sacrifice, and family, blending emotion, music, and dramatic twists."
Sultan [235],Biography|Thriller,college investigation heist,A Biography story where college and investigation shape the journey of a determined protagonist in modern India.
Raees [236],Biography|Sports,justice friendship city,"A popular Bollywood tale of justice, friendship, and city, blending emotion, music, and dramatic twists."
My Name Is Khan [237],Mystery|Comedy,dance sacrifice friendship,"Set between Mumbai and Delhi, this Mystery-Comedy film explores dance, sacrifice, and the cost of friendship."
Chennai Express [238],Action|Biography,patriotism revenge village,A Action story where patriotism and revenge shape the journey of a determined protagonist in modern India.
Dil Se.. [239],Romance|Adventure,dream patriotism college,"When a family faces crisis, a hero chooses dream over fear in this heartfelt Romance entertainer."
Devdas [240],Family|Action,sacrifice music dance,"A gripping Family narrative driven by sacrifice, music, and an unforgettable finale."
Hum Aapke Hain Koun..! [241],Biography|Romance,love village city,"A gripping Biography narrative driven by love, village, and an unforgettable finale."
Maine Pyar Kiya [242],Drama|Sports,revenge justice wedding,"When a family faces crisis, a hero chooses revenge over fear in this heartfelt Drama entertainer."
Hum Dil De Chuke Sanam [243],Musical|Biography,wedding college justice,"Set between Mumbai and Delhi, this Musical-Biography film explores wedding, college, and the cost of justice."
Goliyon Ki Raasleela Ram-Leela [244],Adventure|Romance,sacrifice college family,"A popular Bollywood tale of sacrifice, college, and family, blending emotion, music, and dramatic twists."
Padmaavat [245],Sports|Mystery,heist mumbai delhi,"A popular Bollywood tale of heist, mumbai, and delhi, blending emotion, music, and dramatic twists."
Bajirao Mastani [246],Drama|Thriller,patriotism love friendship,"Set between Mumbai and Delhi, this Drama-Thriller film explores patriotism, love, and the cost of friendship."
Gangubai Kathiawadi [247],Comedy|Thriller,village justice music,"A popular Bollywood tale of village, justice, and music, blending emotion, music, and dramatic twists."
Black [248],Romance|Drama,mumbai college city,"Set between Mumbai and Delhi, this Romance-Drama film explores mumbai, college, and the cost of city."
Guzaarish [249],Crime|Adventure,ambition delhi investigation,"A popular Bollywood tale of ambition, delhi, and investigation, blending emotion, music, and dramatic twists."
Piku [250],Romance|Crime,love college friendship,"When a family faces crisis, a hero chooses love over fear in this heartfelt Romance entertainer."
Sholay [251],Romance|Family,heist college patriotism,"When a family faces crisis, a hero chooses heist over fear in this heartfelt Romance entertainer."
Dilwale Dulhania Le Jayenge [252],Comedy|Romance,patriotism friendship dance,"Set between Mumbai and Delhi, this Comedy-Romance film explores patriotism, friendship, and the cost of dance."
3 Idiots [253],Biography|Musical,sacrifice revenge college,A Biography story where sacrifice and revenge shape the journey of a determined protagonist in modern India.
Lagaan [254],Thriller|Crime,heist patriotism delhi,A Thriller story where heist and patriotism shape the journey of a determined protagonist in modern India.
Dangal [255],Crime|Comedy,dance ambition redemption,"Set between Mumbai and Delhi, this Crime-Comedy film explores dance, ambition, and the cost of redemption."
PK [256],Romance|Adventure,family delhi heist,"Set between Mumbai and Delhi, this Romance-Adventure film explores family, delhi, and the cost of heist."
Bajrangi Bhaijaan [257],Family|Mystery,village ambition family,"Set between Mumbai and Delhi, this Family-Mystery film explores village, ambition, and the cost of family."
Zindagi Na Milegi Dobara [258],Comedy|Thriller,city village revenge,"Set between Mumbai and Delhi, this Comedy-Thriller film explores city, village, and the cost of revenge."
Kabhi Khushi Kabhie Gham [259],Sports|Musical,wedding heist redemption,"A gripping Sports narrative driven by wedding, heist, and an unforgettable finale."
Kal Ho Naa Ho [260],Sports|Mystery,redemption dance heist,"Set between Mumbai and Delhi, this Sports-Mystery film explores redemption, dance, and the cost of heist."
Kuch Kuch Hota Hai [261],Musical|Romance,mumbai wedding music,"A popular Bollywood tale of mumbai, wedding, and music, blending emotion, music, and dramatic twists."
Swades [262],Biography|Drama,sacrifice delhi revenge,"A popular Bollywood tale of sacrifice, delhi, and revenge, blending emotion, music, and dramatic twists."
Taare Zameen Par [263],Musical|Mystery,love redemption sacrifice,"A popular Bollywood tale of love, redemption, and sacrifice, blending emotion, music, and dramatic twists."
Andhadhun [264],Romance|Sports,revenge delhi patriotism,"When a family faces crisis, a hero chooses revenge over fear in this heartfelt Romance entertainer."
Barfi! [265],Biography|Adventure,love wedding dream,"A popular Bollywood tale of love, wedding, and dream, blending emotion, music, and dramatic twists."
Queen [266],Biography|Musical,delhi village love,"When a family faces crisis, a hero chooses delhi over fear in this heartfelt Biography entertainer."
Kahaani [267],Romance|Family,revenge delhi city,A Romance story where revenge and delhi shape the journey of a determined protagonist in modern India.
Gully Boy [268],Thriller|Musical,wedding delhi heist,"A gripping Thriller narrative driven by wedding, delhi, and an unforgettable finale."
Rockstar [269],Action|Family,sacrifice music patriotism,"When a family faces crisis, a hero chooses sacrifice over fear in this heartfelt Action entertainer."
Tamasha [270],Family|Sports,redemption love dance,A Family story where redemption and love shape the journey of a determined protagonist in modern India.
Jab We Met [271],Family|Romance,investigation patriotism music,"A popular Bollywood tale of investigation, patriotism, and music, blending emotion, music, and dramatic twists."
Chak De! India [272],Mystery|Sports,redemption village dance,A Mystery story where redemption and village shape the journey of a determined protagonist in modern India.
Bhaag Milkha Bhaag [273],Biography|Sports,village sacrifice music,"When a family faces crisis, a hero chooses village over fear in this heartfelt Biography entertainer."
Rang De Basanti [274],Action|Biography,revenge music investigation,"When a family faces crisis, a hero chooses revenge over fear in this heartfelt Action entertainer."
Munna Bhai M.B.B.S. [275],Sports|Family,village delhi revenge,"When a family faces crisis, a hero chooses village over fear in this heartfelt Sports entertainer."
Lage Raho Munna Bhai [276],Adventure|Family,friendship sacrifice music,"Set between Mumbai and Delhi, this Adventure-Family film explores friendship, sacrifice, and the cost of music."
Om Shanti Om [277],Thriller|Family,mumbai dream ambition,"Set between Mumbai and Delhi, this Thriller-Family film explores mumbai, dream, and the cost of ambition."
Don [278],Action|Romance,music family delhi,"A gripping Action narrative driven by music, family, and an unforgettable finale."
Don 2 [279],Mystery|Adventure,love dance village,"A gripping Mystery narrative driven by love, dance, and an unforgettable finale."
War [280],Crime|Action,city redemption heist,"When a family faces crisis, a hero chooses city over fear in this heartfelt Crime entertainer."
Pathaan [281],Drama|Crime,sacrifice ambition wedding,"A gripping Drama narrative driven by sacrifice, ambition, and an unforgettable finale."
Jawan [282],Comedy|Musical,ambition investigation redemption,"A popular Bollywood tale of ambition, investigation, and redemption, blending emotion, music, and dramatic twists."
Tiger Zinda Hai [283],Musical|Thriller,sacrifice heist wedding,"When a family faces crisis, a hero chooses sacrifice over fear in this heartfelt Musical entertainer."
Ek Tha Tiger [284],Comedy|Crime,delhi redemption college,"Set between Mumbai and Delhi, this Comedy-Crime film explores delhi, redemption, and the cost of college."
Sultan [285],Thriller|Biography,village justice love,"When a family faces crisis, a hero chooses village over fear in this heartfelt Thriller entertainer."
Raees [286],Family|Adventure,family delhi redemption,"A popular Bollywood tale of family, delhi, and redemption, blending emotion, music, and dramatic twists."
My Name Is Khan [287],Romance|Action,justice wedding delhi,"Set between Mumbai and Delhi, this Romance-Action film explores justice, wedding, and the cost of delhi."
Chennai Express [288],Crime|Romance,ambition wedding sacrifice,A Crime story where ambition and wedding shape the journey of a determined protagonist in modern India.
Dil Se.. [289],Crime|Drama,patriotism delhi sacrifice,"Set between Mumbai and Delhi, this Crime-Drama film explores patriotism, delhi, and the cost of sacrifice."
Devdas [290],Crime|Romance,sacrifice ambition friendship,"A popular Bollywood tale of sacrifice, ambition, and friendship, blending emotion, music, and dramatic twists."
Hum Aapke Hain Koun..! [291],Romance|Sports,dance village heist,A Romance story where dance and village shape the journey of a determined protagonist in modern India.
Maine Pyar Kiya [292],Comedy|Musical,village mumbai wedding,"A gripping Comedy narrative driven by village, mumbai, and an unforgettable finale."
Hum Dil De Chuke Sanam [293],Drama|Romance,friendship justice dream,"Set between Mumbai and Delhi, this Drama-Romance film explores friendship, justice, and the cost of dream."
Goliyon Ki Raasleela Ram-Leela [294],Adventure|Biography,delhi college family,"A popular Bollywood tale of delhi, college, and family, blending emotion, music, and dramatic twists."
Padmaavat [295],Thriller|Comedy,family love ambition,"When a family faces crisis, a hero chooses family over fear in this heartfelt Thriller entertainer."
Bajirao Mastani [296],Sports|Biography,wedding revenge family,"When a family faces crisis, a hero chooses wedding over fear in this heartfelt Sports entertainer."
Gangubai Kathiawadi [297],Biography|Adventure,friendship delhi ambition,"Set between Mumbai and Delhi, this Biography-Adventure film explores friendship, delhi, and the cost of ambition."
Black [298],Comedy|Crime,friendship sacrifice ambition,"A gripping Comedy narrative driven by friendship, sacrifice, and an unforgettable finale."
Guzaarish [299],Crime|Action,revenge delhi sacrifice,A Crime story where revenge and delhi shape the journey of a determined protagonist in modern India.
Piku [300],Adventure|Mystery,delhi redemption investigation,A Adventure story where delhi and redemption shape the journey of a determined protagonist in modern India.
Sholay [301],Crime|Musical,love patriotism sacrifice,"A popular Bollywood tale of love, patriotism, and sacrifice, blending emotion, music, and dramatic twists."
Dilwale Dulhania Le Jayenge [302],Mystery|Drama,sacrifice revenge redemption,"Set between Mumbai and Delhi, this Mystery-Drama film explores sacrifice, revenge, and the cost of redemption."
3 Idiots [303],Mystery|Sports,family heist dance,"Set between Mumbai and Delhi, this Mystery-Sports film explores family, heist, and the cost of dance."
Lagaan [304],Drama|Family,investigation dance city,"When a family faces crisis, a hero chooses investigation over fear in this heartfelt Drama entertainer."
Dangal [305],Mystery|Musical,city village revenge,"When a family faces crisis, a hero chooses city over fear in this heartfelt Mystery entertainer."
PK [306],Drama|Comedy,dream love redemption,A Drama story where dream and love shape the journey of a determined protagonist in modern India.
Bajrangi Bhaijaan [307],Family|Comedy,delhi patriotism investigation,"When a family faces crisis, a hero chooses delhi over fear in this heartfelt Family entertainer."
Zindagi Na Milegi Dobara [308],Comedy|Drama,dream music sacrifice,A Comedy story where dream and music shape the journey of a determined protagonist in modern India.
Kabhi Khushi Kabhie Gham [309],Sports|Family,justice family sacrifice,"When a family faces crisis, a hero chooses justice over fear in this heartfelt Sports entertainer."
Kal Ho Naa Ho [310],Crime|Musical,patriotism dance city,"When a family faces crisis, a hero chooses patriotism over fear in this heartfelt Crime entertainer."
Kuch Kuch Hota Hai [311],Mystery|Musical,sacrifice delhi justice,A Mystery story where sacrifice and delhi shape the journey of a determined protagonist in modern India.
Swades [312],Mystery|Crime,revenge college city,"A gripping Mystery narrative driven by revenge, college, and an unforgettable finale."
Taare Zameen Par [313],Comedy|Family,family revenge dance,"A popular Bollywood tale of family, revenge, and dance, blending emotion, music, and dramatic twists."
Andhadhun [314],Comedy|Musical,redemption college city,"When a family faces crisis, a hero chooses redemption over fear in this heartfelt Comedy entertainer."
Barfi! [315],Family|Musical,love sacrifice college,"A popular Bollywood tale of love, sacrifice, and college, blending emotion, music, and dramatic twists."
Queen [316],Sports|Drama,revenge patriotism sacrifice,"A gripping Sports narrative driven by revenge, patriotism, and an unforgettable finale."
Kahaani [317],Mystery|Sports,city friendship village,"A gripping Mystery narrative driven by city, friendship, and an unforgettable finale."
Gully Boy [318],Sports|Musical,love village revenge,"Set between Mumbai and Delhi, this Sports-Musical film explores love, village, and the cost of revenge."
Rockstar [319],Sports|Family,sacrifice patriotism love,"A gripping Sports narrative driven by sacrifice, patriotism, and an unforgettable finale."
Tamasha [320],Action|Sports,wedding sacrifice heist,"When a family faces crisis, a hero chooses wedding over fear in this heartfelt Action entertainer."
Jab We Met [321],Romance|Biography,village delhi sacrifice,"When a family faces crisis, a hero chooses village over fear in this heartfelt Romance entertainer."
Chak De! India [322],Family|Sports,justice ambition family,A Family story where justice and ambition shape the journey of a determined protagonist in modern India.
Bhaag Milkha Bhaag [323],Mystery|Action,mumbai delhi patriotism,"A gripping Mystery narrative driven by mumbai, delhi, and an unforgettable finale."
Rang De Basanti [324],Romance|Comedy,justice wedding dream,"A gripping Romance narrative driven by justice, wedding, and an unforgettable finale."
Munna Bhai M.B.B.S. [325],Comedy|Musical,dream family village,A Comedy story where dream and family shape the journey of a determined protagonist in modern India.
Lage Raho Munna Bhai [326],Musical|Action,wedding revenge dance,"A popular Bollywood tale of wedding, revenge, and dance, blending emotion, music, and dramatic twists."
Om Shanti Om [327],Mystery|Romance,investigation redemption music,"A popular Bollywood tale of investigation, redemption, and music, blending emotion, music, and dramatic twists."
Don [328],Action|Sports,city sacrifice delhi,"Set between Mumbai and Delhi, this Action-Sports film explores city, sacrifice, and the cost of delhi."
Don 2 [329],Romance|Thriller,village ambition mumbai,A Romance story where village and ambition shape the journey of a determined protagonist in modern India.
War [330],Family|Adventure,heist sacrifice wedding,"A gripping Family narrative driven by heist, sacrifice, and an unforgettable finale."
Pathaan [331],Action|Biography,revenge redemption music,"When a family faces crisis, a hero chooses revenge over fear in this heartfelt Action entertainer."
Jawan [332],Mystery|Musical,delhi college heist,"A gripping Mystery narrative driven by delhi, college, and an unforgettable finale."
Tiger Zinda Hai [333],Romance|Action,dance revenge wedding,"When a family faces crisis, a hero chooses dance over fear in this heartfelt Romance entertainer."
Ek Tha Tiger [334],Sports|Adventure,sacrifice village investigation,"A gripping Sports narrative driven by sacrifice, village, and an unforgettable finale."
Sultan [335],Action|Mystery,college delhi love,A Action story where college and delhi shape the journey of a determined protagonist in modern India.
Raees [336],Adventure|Action,music city heist,"A popular Bollywood tale of music, city, and heist, blending emotion, music, and dramatic twists."
My Name Is Khan [337],Mystery|Thriller,sacrifice delhi music,A Mystery story where sacrifice and delhi shape the journey of a determined protagonist in modern India.
Chennai Express [338],Comedy|Thriller,investigation justice village,"A popular Bollywood tale of investigation, justice, and village, blending emotion, music, and dramatic twists."
Dil Se.. [339],Biography|Adventure,revenge delhi city,"A gripping Biography narrative driven by revenge, delhi, and an unforgettable finale."
Devdas [340],Biography|Action,city dance love,A Biography story where city and dance shape the journey of a determined protagonist in modern India.
Hum Aapke Hain Koun..! [341],Romance|Drama,heist justice dream,"A gripping Romance narrative driven by heist, justice, and an unforgettable finale."
Maine Pyar Kiya [342],Crime|Biography,friendship mumbai investigation,"A popular Bollywood tale of friendship, mumbai, and investigation, blending emotion, music, and dramatic twists."
Hum Dil De Chuke Sanam [343],Sports|Comedy,mumbai ambition patriotism,"A popular Bollywood tale of mumbai, ambition, and patriotism, blending emotion, music, and dramatic twists."
Goliyon Ki Raasleela Ram-Leela [344],Musical|Romance,love city wedding,"When a family faces crisis, a hero chooses love over fear in this heartfelt Musical entertainer."
Padmaavat [345],Musical|Mystery,dream dance village,"A popular Bollywood tale of dream, dance, and village, blending emotion, music, and dramatic twists."
Bajirao Mastani [346],Mystery|Family,sacrifice patriotism village,"A popular Bollywood tale of sacrifice, patriotism, and village, blending emotion, music, and dramatic twists."
Gangubai Kathiawadi [347],Adventure|Mystery,family dance ambition,"When a family faces crisis, a hero chooses family over fear in this heartfelt Adventure entertainer."
Black [348],Romance|Comedy,wedding ambition village,A Romance story where wedding and ambition shape the journey of a determined protagonist in modern India.
Guzaarish [349],Drama|Comedy,patriotism college ambition,"Set between Mumbai and Delhi, this Drama-Comedy film explores patriotism, college, and the cost of ambition."
Piku [350],Family|Biography,dance dream city,"When a family faces crisis, a hero chooses dance over fear in this heartfelt Family entertainer."
Sholay [351],Adventure|Musical,mumbai music redemption,A Adventure story where mumbai and music shape the journey of a determined protagonist in modern India.
Dilwale Dulhania Le Jayenge [352],Romance|Crime,delhi wedding ambition,"Set between Mumbai and Delhi, this Romance-Crime film explores delhi, wedding, and the cost of ambition."
3 Idiots [353],Biography|Family,love redemption music,"When a family faces crisis, a hero chooses love over fear in this heartfelt Biography entertainer."
Lagaan [354],Biography|Sports,mumbai music investigation,A Biography story where mumbai and music shape the journey of a determined protagonist in modern India.
Dangal [355],Romance|Crime,village justice sacrifice,"When a family faces crisis, a hero chooses village over fear in this heartfelt Romance entertainer."
PK [356],Family|Drama,patriotism love investigation,"Set between Mumbai and Delhi, this Family-Drama film explores patriotism, love, and the cost of investigation."
Bajrangi Bhaijaan [357],Family|Adventure,music revenge patriotism,"A gripping Family narrative driven by music, revenge, and an unforgettable finale."
Zindagi Na Milegi Dobara [358],Musical|Adventure,justice family village,A Musical story where justice and family shape the journey of a determined protagonist in modern India.
Kabhi Khushi Kabhie Gham [359],Crime|Family,dance investigation sacrifice,"Set between Mumbai and Delhi, this Crime-Family film explores dance, investigation, and the cost of sacrifice."
Kal Ho Naa Ho [360],Thriller|Biography,delhi patriotism redemption,A Thriller story where delhi and patriotism shape the journey of a determined protagonist in modern India.
Kuch Kuch Hota Hai [361],Drama|Mystery,village dance mumbai,"A gripping Drama narrative driven by village, dance, and an unforgettable finale."
Swades [362],Musical|Action,redemption delhi village,"A popular Bollywood tale of redemption, delhi, and village, blending emotion, music, and dramatic twists."
Taare Zameen Par [363],Biography|Family,city patriotism music,"A gripping Biography narrative driven by city, patriotism, and an unforgettable finale."
Andhadhun [364],Family|Adventure,delhi investigation mumbai,"A gripping Family narrative driven by delhi, investigation, and an unforgettable finale."
Barfi! [365],Comedy|Musical,friendship sacrifice dance,A Comedy story where friendship and sacrifice shape the journey of a determined protagonist in modern India.
Queen [366],Crime|Biography,music friendship mumbai,"A popular Bollywood tale of music, friendship, and mumbai, blending emotion, music, and dramatic twists."
Kahaani [367],Sports|Biography,heist ambition love,"A gripping Sports narrative driven by heist, ambition, and an unforgettable finale."
Gully Boy [368],Musical|Action,delhi patriotism village,"Set between Mumbai and Delhi, this Musical-Action film explores delhi, patriotism, and the cost of village."
Rockstar [369],Drama|Biography,family dream friendship,"When a family faces crisis, a hero chooses family over fear in this heartfelt Drama entertainer."
Tamasha [370],Family|Crime,village college dream,"When a family faces crisis, a hero chooses village over fear in this heartfelt Family entertainer."
Jab We Met [371],Adventure|Biography,mumbai love village,"A gripping Adventure narrative driven by mumbai, love, and an unforgettable finale."
Chak De! India [372],Thriller|Adventure,dance mumbai delhi,"When a family faces crisis, a hero chooses dance over fear in this heartfelt Thriller entertainer."
Bhaag Milkha Bhaag [373],Family|Action,wedding investigation dance,"A gripping Family narrative driven by wedding, investigation, and an unforgettable finale."
Rang De Basanti [374],Family|Sports,justice mumbai dream,"Set between Mumbai and Delhi, this Family-Sports film explores justice, mumbai, and the cost of dream."
Munna Bhai M.B.B.S. [375],Comedy|Adventure,music ambition redemption,"A popular Bollywood tale of music, ambition, and redemption, blending emotion, music, and dramatic twists."
Lage Raho Munna Bhai [376],Mystery|Thriller,mumbai dance redemption,"A popular Bollywood tale of mumbai, dance, and redemption, blending emotion, music, and dramatic twists."
Om Shanti Om [377],Adventure|Comedy,music family investigation,"When a family faces crisis, a hero chooses music over fear in this heartfelt Adventure entertainer."
Don [378],Crime|Family,village music love,"A popular Bollywood tale of village, music, and love, blending emotion, music, and dramatic twists."
Don 2 [379],Mystery|Romance,sacrifice wedding justice,"When a family faces crisis, a hero chooses sacrifice over fear in this heartfelt Mystery entertainer."
War [380],Thriller|Mystery,investigation justice redemption,"A popular Bollywood tale of investigation, justice, and redemption, blending emotion, music, and dramatic twists."
Pathaan [381],Action|Romance,redemption heist ambition,"Set between Mumbai and Delhi, this Action-Romance film explores redemption, heist, and the cost of ambition."
Jawan [382],Drama|Sports,delhi ambition heist,A Drama story where delhi and ambition shape the journey of a determined protagonist in modern India.
Tiger Zinda Hai [383],Romance|Crime,dance mumbai family,"Set between Mumbai and Delhi, this Romance-Crime film explores dance, mumbai, and the cost of family."
Ek Tha Tiger [384],Drama|Adventure,city college mumbai,"When a family faces crisis, a hero chooses city over fear in this heartfelt Drama entertainer."
Sultan [385],Sports|Thriller,music dance redemption,A Sports story where music and dance shape the journey of a determined protagonist in modern India.
Raees [386],Romance|Sports,heist ambition investigation,A Romance story where heist and ambition shape the journey of a determined protagonist in modern India.
My Name Is Khan [387],Action|Crime,city love patriotism,"When a family faces crisis, a hero chooses city over fear in this heartfelt Action entertainer."
Chennai Express [388],Action|Comedy,love friendship music,"A gripping Action narrative driven by love, friendship, and an unforgettable finale."
Dil Se.. [389],Biography|Romance,dance music wedding,"A gripping Biography narrative driven by dance, music, and an unforgettable finale."
Devdas [390],Adventure|Musical,village delhi wedding,"A popular Bollywood tale of village, delhi, and wedding, blending emotion, music, and dramatic twists."
Hum Aapke Hain Koun..! [391],Thriller|Romance,dance city wedding,"A popular Bollywood tale of dance, city, and wedding, blending emotion, music, and dramatic twists."
Maine Pyar Kiya [392],Mystery|Action,friendship dance music,"A gripping Mystery narrative driven by friendship, dance, and an unforgettable finale."
Hum Dil De Chuke Sanam [393],Sports|Thriller,city patriotism college,"A gripping Sports narrative driven by city, patriotism, and an unforgettable finale."
Goliyon Ki Raasleela Ram-Leela [394],Family|Romance,patriotism family city,"Set between Mumbai and Delhi, this Family-Romance film explores patriotism, family, and the cost of city."
Padmaavat [395],Musical|Family,ambition friendship justice,"When a family faces crisis, a hero chooses ambition over fear in this heartfelt Musical entertainer."
Bajirao Mastani [396],Thriller|Musical,justice dance music,"A gripping Thriller narrative driven by justice, dance, and an unforgettable finale."
Gangubai Kathiawadi [397],Mystery|Biography,friendship justice sacrifice,"Set between Mumbai and Delhi, this Mystery-Biography film explores friendship, justice, and the cost of sacrifice."
Black [398],Drama|Sports,family wedding music,"Set between Mumbai and Delhi, this Drama-Sports film explores family, wedding, and the cost of music."
Guzaarish [399],Crime|Sports,delhi music family,"A popular Bollywood tale of delhi, music, and family, blending emotion, music, and dramatic twists."
Piku [400],Family|Biography,ambition redemption village,"When a family faces crisis, a hero chooses ambition over fear in this heartfelt Family entertainer."
Sholay [401],Action|Musical,redemption sacrifice college,"A gripping Action narrative driven by redemption, sacrifice, and an unforgettable finale."
Dilwale Dulhania Le Jayenge [402],Musical|Adventure,dream ambition revenge,"A gripping Musical narrative driven by dream, ambition, and an unforgettable finale."
3 Idiots [403],Musical|Adventure,sacrifice revenge family,A Musical story where sacrifice and revenge shape the journey of a determined protagonist in modern India.
Lagaan [404],Adventure|Mystery,dream heist investigation,"Set between Mumbai and Delhi, this Adventure-Mystery film explores dream, heist, and the cost of investigation."
Dangal [405],Action|Family,delhi wedding family,"Set between Mumbai and Delhi, this Action-Family film explores delhi, wedding, and the cost of family."
PK [406],Mystery|Biography,mumbai revenge delhi,"When a family faces crisis, a hero chooses mumbai over fear in this heartfelt Mystery entertainer."
Bajrangi Bhaijaan [407],Drama|Musical,village delhi college,"When a family faces crisis, a hero chooses village over fear in this heartfelt Drama entertainer."
Zindagi Na Milegi Dobara [408],Biography|Drama,investigation wedding music,A Biography story where investigation and wedding shape the journey of a determined protagonist in modern India.
Kabhi Khushi Kabhie Gham [409],Crime|Comedy,friendship dream revenge,A Crime story where friendship and dream shape the journey of a determined protagonist in modern India.
Kal Ho Naa Ho [410],Crime|Family,revenge investigation love,A Crime story where revenge and investigation shape the journey of a determined protagonist in modern India.
Kuch Kuch Hota Hai [411],Musical|Drama,music college city,"Set between Mumbai and Delhi, this Musical-Drama film explores music, college, and the cost of city."
Swades [412],Sports|Mystery,college sacrifice patriotism,"When a family faces crisis, a hero chooses college over fear in this heartfelt Sports entertainer."
Taare Zameen Par [413],Crime|Mystery,revenge investigation village,"A popular Bollywood tale of revenge, investigation, and village, blending emotion, music, and dramatic twists."
Andhadhun [414],Romance|Action,investigation patriotism delhi,"Set between Mumbai and Delhi, this Romance-Action film explores investigation, patriotism, and the cost of delhi."
Barfi! [415],Mystery|Thriller,friendship redemption music,"When a family faces crisis, a hero chooses friendship over fear in this heartfelt Mystery entertainer."
Queen [416],Sports|Adventure,college investigation patriotism,"Set between Mumbai and Delhi, this Sports-Adventure film explores college, investigation, and the cost of patriotism."
Kahaani [417],Thriller|Musical,sacrifice village justice,"Set between Mumbai and Delhi, this Thriller-Musical film explores sacrifice, village, and the cost of justice."
Gully Boy [418],Mystery|Romance,love college friendship,"Set between Mumbai and Delhi, this Mystery-Romance film explores love, college, and the cost of friendship."
Rockstar [419],Thriller|Romance,family love wedding,"A gripping Thriller narrative driven by family, love, and an unforgettable finale."
Tamasha [420],Sports|Drama,ambition love patriotism,"When a family faces crisis, a hero chooses ambition over fear in this heartfelt Sports entertainer."
Jab We Met [421],Thriller|Adventure,dream love village,"A gripping Thriller narrative driven by dream, love, and an unforgettable finale."
Chak De! India [422],Comedy|Thriller,heist dance redemption,"Set between Mumbai and Delhi, this Comedy-Thriller film explores heist, dance, and the cost of redemption."
Bhaag Milkha Bhaag [423],Comedy|Action,delhi ambition college,"A popular Bollywood tale of delhi, ambition, and college, blending emotion, music, and dramatic twists."
Rang De Basanti [424],Comedy|Drama,investigation heist city,"When a family faces crisis, a hero chooses investigation over fear in this heartfelt Comedy entertainer."
Munna Bhai M.B.B.S. [425],Adventure|Musical,love sacrifice patriotism,"A gripping Adventure narrative driven by love, sacrifice, and an unforgettable finale."
Lage Raho Munna Bhai [426],Family|Crime,college village music,"When a family faces crisis, a hero chooses college over fear in this heartfelt Family entertainer."
Om Shanti Om [427],Action|Adventure,mumbai ambition heist,"A popular Bollywood tale of mumbai, ambition, and heist, blending emotion, music, and dramatic twists."
Don [428],Mystery|Action,wedding love investigation,"When a family faces crisis, a hero chooses wedding over fear in this heartfelt Mystery entertainer."
Don 2 [429],Crime|Adventure,delhi village patriotism,"Set between Mumbai and Delhi, this Crime-Adventure film explores delhi, village, and the cost of patriotism."
War [430],Comedy|Thriller,dance revenge wedding,"A popular Bollywood tale of dance, revenge, and wedding, blending emotion, music, and dramatic twists."
Pathaan [431],Romance|Adventure,dream love justice,"When a family faces crisis, a hero chooses dream over fear in this heartfelt Romance entertainer."
Jawan [432],Sports|Biography,redemption love revenge,"Set between Mumbai and Delhi, this Sports-Biography film explores redemption, love, and the cost of revenge."
Tiger Zinda Hai [433],Biography|Sports,investigation dream mumbai,"Set between Mumbai and Delhi, this Biography-Sports film explores investigation, dream, and the cost of mumbai."
Ek Tha Tiger [434],Family|Comedy,friendship dream heist,A Family story where friendship and dream shape the journey of a determined protagonist in modern India.
Sultan [435],Mystery|Musical,ambition dream patriotism,"Set between Mumbai and Delhi, this Mystery-Musical film explores ambition, dream, and the cost of patriotism."
Raees [436],Adventure|Family,music patriotism wedding,"A gripping Adventure narrative driven by music, patriotism, and an unforgettable finale."
My Name Is Khan [437],Sports|Family,music justice sacrifice,"A gripping Sports narrative driven by music, justice, and an unforgettable finale."
Chennai Express [438],Musical|Mystery,family mumbai dance,"Set between Mumbai and Delhi, this Musical-Mystery film explores family, mumbai, and the cost of dance."
Dil Se.. [439],Family|Mystery,college love ambition,"Set between Mumbai and Delhi, this Family-Mystery film explores college, love, and the cost of ambition."
Devdas [440],Drama|Comedy,investigation heist college,"A popular Bollywood tale of investigation, heist, and college, blending emotion, music, and dramatic twists."
Hum Aapke Hain Koun..! [441],Action|Thriller,dance ambition patriotism,"A gripping Action narrative driven by dance, ambition, and an unforgettable finale."
Maine Pyar Kiya [442],Thriller|Musical,investigation dance justice,"When a family faces crisis, a hero chooses investigation over fear in this heartfelt Thriller entertainer."
Hum Dil De Chuke Sanam [443],Mystery|Sports,mumbai wedding city,"A popular Bollywood tale of mumbai, wedding, and city, blending emotion, music, and dramatic twists."
Goliyon Ki Raasleela Ram-Leela [444],Action|Mystery,investigation mumbai city,"A gripping Action narrative driven by investigation, mumbai, and an unforgettable finale."
Padmaavat [445],Sports|Drama,delhi love revenge,A Sports story where delhi and love shape the journey of a determined protagonist in modern India.
Bajirao Mastani [446],Drama|Crime,village ambition revenge,"Set between Mumbai and Delhi, this Drama-Crime film explores village, ambition, and the cost of revenge."
Gangubai Kathiawadi [447],Drama|Thriller,delhi wedding sacrifice,A Drama story where delhi and wedding shape the journey of a determined protagonist in modern India.
Black [448],Biography|Sports,redemption mumbai heist,A Biography story where redemption and mumbai shape the journey of a determined protagonist in modern India.
Guzaarish [449],Drama|Adventure,investigation college friendship,A Drama story where investigation and college shape the journey of a determined protagonist in modern India.
Piku [450],Adventure|Comedy,investigation music friendship,"A gripping Adventure narrative driven by investigation, music, and an unforgettable finale."
Sholay [451],Mystery|Sports,college city family,A Mystery story where college and city shape the journey of a determined protagonist in modern India.
Dilwale Dulhania Le Jayenge [452],Adventure|Action,ambition dream delhi,"A popular Bollywood tale of ambition, dream, and delhi, blending emotion, music, and dramatic twists."
3 Idiots [453],Family|Comedy,patriotism revenge sacrifice,"When a family faces crisis, a hero chooses patriotism over fear in this heartfelt Family entertainer."
Lagaan [454],Musical|Biography,ambition redemption music,A Musical story where ambition and redemption shape the journey of a determined protagonist in modern India.
Dangal [455],Sports|Mystery,love revenge patriotism,"When a family faces crisis, a hero chooses love over fear in this heartfelt Sports entertainer."
PK [456],Crime|Adventure,mumbai love friendship,"Set between Mumbai and Delhi, this Crime-Adventure film explores mumbai, love, and the cost of friendship."
Bajrangi Bhaijaan [457],Romance|Musical,college dance family,"A gripping Romance narrative driven by college, dance, and an unforgettable finale."
Zindagi Na Milegi Dobara [458],Drama|Thriller,dream heist mumbai,"A popular Bollywood tale of dream, heist, and mumbai, blending emotion, music, and dramatic twists."
Kabhi Khushi Kabhie Gham [459],Drama|Romance,justice investigation love,"Set between Mumbai and Delhi, this Drama-Romance film explores justice, investigation, and the cost of love."
Kal Ho Naa Ho [460],Family|Drama,dream heist village,"When a family faces crisis, a hero chooses dream over fear in this heartfelt Family entertainer."
Kuch Kuch Hota Hai [461],Romance|Comedy,city heist ambition,"A gripping Romance narrative driven by city, heist, and an unforgettable finale."
Swades [462],Crime|Sports,investigation dance patriotism,"Set between Mumbai and Delhi, this Crime-Sports film explores investigation, dance, and the cost of patriotism."
Taare Zameen Par [463],Mystery|Romance,delhi sacrifice love,A Mystery story where delhi and sacrifice shape the journey of a determined protagonist in modern India.
Andhadhun [464],Crime|Thriller,revenge dance patriotism,"A popular Bollywood tale of revenge, dance, and patriotism, blending emotion, music, and dramatic twists."
Barfi! [465],Drama|Sports,justice wedding mumbai,"Set between Mumbai and Delhi, this Drama-Sports film explores justice, wedding, and the cost of mumbai."
Queen [466],Family|Adventure,patriotism college city,"A gripping Family narrative driven by patriotism, college, and an unforgettable finale."
Kahaani [467],Sports|Crime,revenge music ambition,A Sports story where revenge and music shape the journey of a determined protagonist in modern India.
Gully Boy [468],Romance|Comedy,village patriotism redemption,"When a family faces crisis, a hero chooses village over fear in this heartfelt Romance entertainer."
Rockstar [469],Family|Mystery,family revenge friendship,"A popular Bollywood tale of family, revenge, and friendship, blending emotion, music, and dramatic twists."
Tamasha [470],Musical|Family,justice family village,A Musical story where justice and family shape the journey of a determined protagonist in modern India.
Jab We Met [471],Action|Crime,wedding investigation heist,"A gripping Action narrative driven by wedding, investigation, and an unforgettable finale."
Chak De! India [472],Crime|Romance,friendship revenge sacrifice,"A gripping Crime narrative driven by friendship, revenge, and an unforgettable finale."
Bhaag Milkha Bhaag [473],Romance|Biography,redemption dance patriotism,A Romance story where redemption and dance shape the journey of a determined protagonist in modern India.
Rang De Basanti [474],Comedy|Crime,patriotism revenge investigation,"Set between Mumbai and Delhi, this Comedy-Crime film explores patriotism, revenge, and the cost of investigation."
Munna Bhai M.B.B.S. [475],Biography|Adventure,city patriotism redemption,"Set between Mumbai and Delhi, this Biography-Adventure film explores city, patriotism, and the cost of redemption."
Lage Raho Munna Bhai [476],Comedy|Mystery,justice mumbai village,A Comedy story where justice and mumbai shape the journey of a determined protagonist in modern India.
Om Shanti Om [477],Action|Crime,justice college music,"When a family faces crisis, a hero chooses justice over fear in this heartfelt Action entertainer."
Don [478],Romance|Family,justice ambition mumbai,"A gripping Romance narrative driven by justice, ambition, and an unforgettable finale."
Don 2 [479],Biography|Thriller,wedding family village,"A popular Bollywood tale of wedding, family, and village, blending emotion, music, and dramatic twists."
War [480],Drama|Crime,dance patriotism redemption,"When a family faces crisis, a hero chooses dance over fear in this heartfelt Drama entertainer."
Pathaan [481],Family|Crime,redemption village music,"A popular Bollywood tale of redemption, village, and music, blending emotion, music, and dramatic twists."
Jawan [482],Biography|Thriller,mumbai dance city,"When a family faces crisis, a hero chooses mumbai over fear in this heartfelt Biography entertainer."
Tiger Zinda Hai [483],Family|Comedy,mumbai heist ambition,"A popular Bollywood tale of mumbai, heist, and ambition, blending emotion, music, and dramatic twists."
Ek Tha Tiger [484],Crime|Comedy,patriotism sacrifice family,"A gripping Crime narrative driven by patriotism, sacrifice, and an unforgettable finale."
Sultan [485],Thriller|Biography,investigation city redemption,A Thriller story where investigation and city shape the journey of a determined protagonist in modern India.
Raees [486],Mystery|Musical,dream wedding music,A Mystery story where dream and wedding shape the journey of a determined protagonist in modern India.
My Name Is Khan [487],Crime|Sports,mumbai village music,"Set between Mumbai and Delhi, this Crime-Sports film explores mumbai, village, and the cost of music."
Chennai Express [488],Comedy|Sports,village college patriotism,A Comedy story where village and college shape the journey of a determined protagonist in modern India.
Dil Se.. [489],Musical|Biography,mumbai heist patriotism,"A gripping Musical narrative driven by mumbai, heist, and an unforgettable finale."
Devdas [490],Adventure|Crime,investigation love sacrifice,"A gripping Adventure narrative driven by investigation, love, and an unforgettable finale."
Hum Aapke Hain Koun..! [491],Biography|Sports,revenge family ambition,"A popular Bollywood tale of revenge, family, and ambition, blending emotion, music, and dramatic twists."
Maine Pyar Kiya [492],Action|Sports,redemption love patriotism,"A popular Bollywood tale of redemption, love, and patriotism, blending emotion, music, and dramatic twists."
Hum Dil De Chuke Sanam [493],Crime|Romance,friendship family justice,"Set between Mumbai and Delhi, this Crime-Romance film explores friendship, family, and the cost of justice."
Goliyon Ki Raasleela Ram-Leela [494],Adventure|Mystery,investigation heist ambition,"When a family faces crisis, a hero chooses investigation over fear in this heartfelt Adventure entertainer."
Padmaavat [495],Family|Crime,wedding heist delhi,"Set between Mumbai and Delhi, this Family-Crime film explores wedding, heist, and the cost of delhi."
Bajirao Mastani [496],Family|Drama,mumbai family music,"When a family faces crisis, a hero chooses mumbai over fear in this heartfelt Family entertainer."
Gangubai Kathiawadi [497],Romance|Mystery,village sacrifice music,"A popular Bollywood tale of village, sacrifice, and music, blending emotion, music, and dramatic twists."
Black [498],Musical|Thriller,delhi mumbai sacrifice,"When a family faces crisis, a hero chooses delhi over fear in this heartfelt Musical entertainer."
Guzaarish [499],Romance|Musical,wedding dance revenge,"A popular Bollywood tale of wedding, dance, and revenge, blending emotion, music, and dramatic twists."
Piku [500],Drama|Romance,friendship dance family,"Set between Mumbai and Delhi, this Drama-Romance film explores friendship, dance, and the cost of family."
